FlightNum,FlightCompany,Origin,Destination,TakeOffAt,ArriveAt,FlightTime,CraftCompany,Airplane
1,AC,YYZ,HND,13:35:00,16:55:00,13:20:00,Boeing,777-300ER
1,LH,HAM,FRA,06:00:00,07:10:00,01:10:00,Airbus,A321
1,SQ,SFO,HKG,00:05:00,07:00:00,14:55:00,Boeing,777-300ER
1,UA,SFO,SIN,22:40:00,08:00:00,17:20:00,Boeing,787-9
2,AC,HND,YYZ,18:50:00,16:50:00,12:00:00,Boeing,777-300ER
2,LH,FRA,HAM,06:30:00,07:35:00,01:05:00,Airbus,A321
2,SQ,HKG,SFO,23:40:00,19:40:00,12:00:00,Boeing,777-300ER
2,UA,SIN,SFO,10:00:00,08:35:00,14:35:00,Boeing,787-9
3,AC,YVR,NRT,13:45:00,16:40:00,09:55:00,Boeing,787-9
3,LH,HAM,FRA,06:20:00,07:30:00,01:10:00,Airbus,A321
4,AC,NRT,YVR,18:40:00,10:20:00,08:40:00,Boeing,787-9
4,LH,FRA,HAM,07:00:00,08:05:00,01:05:00,Airbus,A321
4,UA,LHR,IAH,13:35:00,18:15:00,10:40:00,Boeing,777-200
5,LH,HAM,FRA,07:00:00,08:10:00,01:10:00,Airbus,A321
5,UA,IAH,LHR,20:15:00,11:15:00,09:00:00,Boeing,777-200
6,LH,FRA,HAM,08:00:00,09:05:00,01:05:00,Airbus,A321
6,UA,NRT,IAH,17:15:00,14:00:00,11:45:00,Boeing,777-200
7,AC,YVR,HKG,12:10:00,17:50:00,13:40:00,Boeing,787-9
7,LH,HAM,FRA,07:30:00,08:40:00,01:10:00,Airbus,A321
7,UA,IAH,NRT,10:00:00,15:10:00,14:10:00,Boeing,777-200
8,AC,HKG,YVR,20:00:00,15:35:00,11:35:00,Boeing,787-9
8,LH,FRA,HAM,09:00:00,10:05:00,01:05:00,Airbus,A321
8,LX,ZRH,ORD,13:20:00,16:25:00,10:05:00,Airbus,A330-300
8,UA,CTU,SFO,11:20:00,08:00:00,12:40:00,Boeing,787-8
9,LH,HAM,FRA,08:30:00,09:40:00,01:10:00,Airbus,A321
9,LX,ORD,ZRH,19:20:00,11:00:00,08:40:00,Airbus,A330-300
9,UA,SFO,CTU,23:25:00,05:55:00,14:30:00,Boeing,787-8
11,LH,HAM,FRA,09:00:00,10:10:00,01:10:00,Airbus,A321
11,SQ,LAX,NRT,15:15:00,20:00:00,11:45:00,Boeing,777-300ER
12,AC,PVG,YUL,18:15:00,18:45:00,13:30:00,Boeing,787-8
12,LH,FRA,HAM,11:00:00,12:05:00,01:05:00,Airbus,A321
12,SQ,NRT,LAX,18:30:00,11:30:00,10:00:00,Boeing,777-300ER
13,LH,HAM,FRA,10:00:00,11:10:00,01:10:00,Airbus,A321
14,LH,FRA,HAM,12:00:00,13:05:00,01:05:00,Airbus,A321
14,LX,ZRH,JFK,12:55:00,16:05:00,09:10:00,Airbus,A330-300
14,UA,EWR,LHR,18:45:00,06:55:00,07:10:00,Boeing,767-300
15,AC,YYZ,HKG,10:00:00,14:45:00,15:45:00,Boeing,777-300ER
15,LH,HAM,FRA,11:00:00,12:10:00,01:10:00,Airbus,A321
15,LX,JFK,ZRH,21:10:00,10:50:00,07:40:00,Airbus,A330-300
15,UA,LHR,EWR,10:15:00,13:45:00,08:30:00,Boeing,767-400
16,AC,HKG,YYZ,16:30:00,18:20:00,14:50:00,Boeing,777-300ER
16,LH,FRA,HAM,13:00:00,14:05:00,01:05:00,Airbus,A321
16,LX,ZRH,JFK,09:50:00,13:00:00,09:10:00,Airbus,A330-300
16,UA,EWR,LHR,21:20:00,09:30:00,07:10:00,Boeing,767-400
17,AC,YVR,TPE,11:35:00,16:30:00,12:55:00,Boeing,787-9
17,LX,JFK,ZRH,18:25:00,08:05:00,07:40:00,Airbus,A330-300
17,UA,LHR,EWR,12:00:00,15:25:00,08:25:00,Boeing,767-300
18,AC,TPE,YVR,18:00:00,12:25:00,10:25:00,Boeing,787-9
18,LH,FRA,HAM,14:00:00,15:05:00,01:05:00,Airbus,A321
18,LX,ZRH,EWR,17:15:00,20:25:00,09:10:00,Airbus,A330-300
18,UA,MXP,EWR,10:25:00,14:00:00,09:35:00,Boeing,767-300
19,LH,HAM,FRA,13:00:00,14:10:00,01:10:00,Airbus,A321
19,LX,EWR,ZRH,22:05:00,11:40:00,07:35:00,Airbus,A330-300
19,UA,EWR,MXP,18:30:00,08:25:00,07:55:00,Boeing,767-300
20,LH,FRA,HAM,15:00:00,16:05:00,01:05:00,Airbus,A321
20,UA,IAH,AMS,16:05:00,08:15:00,09:10:00,Boeing,777-200
21,LH,HAM,FRA,14:00:00,15:10:00,01:10:00,Airbus,A321
21,SQ,EWR,SIN,09:45:00,17:15:00,18:30:00,Airbus,A350-900
21,UA,AMS,IAH,10:20:00,14:10:00,10:50:00,Boeing,777-200
22,LH,FRA,HAM,16:00:00,17:05:00,01:05:00,Airbus,A321
22,LX,GVA,JFK,11:40:00,14:40:00,09:00:00,Airbus,A330-300
22,SQ,SIN,EWR,00:40:00,05:30:00,17:50:00,Airbus,A350-900
22,UA,DUB,EWR,09:00:00,11:30:00,07:30:00,Boeing,777-200
23,LH,HAM,FRA,15:00:00,16:10:00,01:10:00,Airbus,A321
23,LX,JFK,GVA,19:45:00,09:20:00,07:35:00,Airbus,A330-300
23,UA,EWR,DUB,19:35:00,07:00:00,06:25:00,Boeing,777-200
24,LH,FRA,HAM,17:00:00,18:05:00,01:05:00,Airbus,A321
25,AC,YVR,PVG,12:00:00,16:00:00,12:00:00,Boeing,787-9
25,LH,HAM,FRA,16:00:00,17:10:00,01:10:00,Airbus,A321
25,SQ,JFK,FRA,20:15:00,09:50:00,07:35:00,Airbus,A380-800
26,AC,PVG,YVR,17:50:00,12:10:00,10:20:00,Boeing,787-9
26,SQ,SIN,FRA,23:55:00,06:20:00,13:25:00,Airbus,A380-800
27,AC,YYZ,PVG,12:25:00,16:10:00,14:45:00,Boeing,777
27,LH,HAM,FRA,17:00:00,18:10:00,01:10:00,Airbus,A321
28,AC,PVG,YYZ,18:15:00,19:00:00,13:45:00,Boeing,777
28,LH,FRA,HAM,18:00:00,19:05:00,01:05:00,Airbus,A321
28,UA,SIN,SFO,22:20:00,20:55:00,14:35:00,Boeing,787-9
29,LH,HAM,FRA,18:00:00,19:10:00,01:10:00,Airbus,A321
29,UA,SFO,SIN,10:55:00,20:15:00,17:20:00,Boeing,787-9
30,AC,PEK,YVR,17:55:00,12:25:00,10:30:00,Boeing,777-300ER
30,LH,FRA,HAM,19:00:00,20:05:00,01:05:00,Airbus,A321
30,UA,EWR,MUC,17:30:00,07:20:00,07:50:00,Boeing,767-400
31,AC,YYZ,PEK,14:20:00,16:45:00,13:25:00,Boeing,777-300ER
31,LH,HAM,FRA,19:00:00,20:10:00,01:10:00,Airbus,A321
31,SQ,SFO,SIN,09:30:00,19:05:00,17:35:00,Airbus,A350-900
31,UA,MUC,EWR,09:20:00,12:50:00,09:30:00,Boeing,767-400
32,AC,PEK,YYZ,18:45:00,18:45:00,13:00:00,Boeing,777-300ER
32,LH,FRA,HAM,20:00:00,21:05:00,01:05:00,Airbus,A321
32,SQ,SIN,SFO,09:20:00,07:50:00,14:30:00,Airbus,A350-900
32,UA,LAX,NRT,10:40:00,15:30:00,11:50:00,Boeing,787-9
33,AC,YYZ,YVR,20:00:00,22:08:00,05:08:00,Boeing,777-200LR
33,LH,HAM,FRA,20:00:00,21:10:00,01:10:00,Airbus,A321
33,UA,NRT,LAX,17:30:00,10:25:00,09:55:00,Boeing,787-9
34,AC,YVR,YYZ,09:00:00,16:20:00,04:20:00,Boeing,777-200LR
34,UA,KIX,SFO,18:10:00,10:55:00,09:45:00,Boeing,787-8
35,AC,YVR,BNE,23:30:00,08:15:00,14:45:00,Boeing,787-8
35,UA,SFO,KIX,11:25:00,16:35:00,12:10:00,Boeing,787-8
36,AC,BNE,YVR,11:50:00,07:15:00,13:25:00,Boeing,787-8
36,LH,FRA,HAM,20:30:00,21:35:00,01:05:00,Airbus,A321
36,UA,EWR,EDI,20:00:00,07:35:00,06:35:00,Boeing,757-200
37,AC,YVR,MEL,22:45:00,10:05:00,16:20:00,Boeing,787-9
37,SQ,LAX,SIN,22:25:00,08:15:00,17:50:00,Airbus,A350-900
38,AC,MEL,YVR,11:40:00,07:30:00,14:50:00,Boeing,787-9
38,LH,FRA,TXL,08:15:00,09:25:00,01:10:00,Airbus,A321
38,LX,ZRH,SFO,13:15:00,16:15:00,12:00:00,Boeing,777-300ER
38,SQ,SIN,LAX,20:45:00,19:55:00,15:10:00,Airbus,A350-900
39,LH,TXL,FRA,10:15:00,11:25:00,01:10:00,Airbus,A321
39,LX,SFO,ZRH,19:50:00,15:45:00,10:55:00,Boeing,777-300ER
39,UA,EDI,EWR,09:05:00,12:00:00,07:55:00,Boeing,757-200
40,LX,ZRH,LAX,13:10:00,16:20:00,12:10:00,Boeing,777-300ER
40,UA,EWR,FCO,17:45:00,08:05:00,08:20:00,Boeing,767-300
41,LX,LAX,ZRH,19:20:00,15:15:00,10:55:00,Boeing,777-300ER
42,AC,YYZ,DEL,21:25:00,21:40:00,13:45:00,Boeing,787-9
43,AC,DEL,YYZ,00:45:00,05:05:00,14:50:00,Boeing,787-9
44,AC,YVR,DEL,00:15:00,04:05:00,14:20:00,Boeing,787-9
44,LH,FRA,TXL,20:15:00,21:25:00,01:10:00,Airbus,A321
45,LH,TXL,FRA,07:15:00,08:25:00,01:10:00,Airbus,A320
46,AC,YYZ,BOM,20:40:00,22:05:00,14:55:00,Boeing,777
46,LH,FRA,HAJ,06:50:00,07:40:00,00:00:50,Airbus,A319
46,UA,IAH,FRA,19:00:00,11:40:00,09:40:00,Boeing,777-200
47,UA,FRA,IAH,13:50:00,18:15:00,11:25:00,Boeing,777-200
48,LH,FRA,HAJ,08:55:00,09:45:00,00:00:50,Embraer,190
48,UA,EWR,BOM,20:10:00,21:40:00,15:00:00,Boeing,777-300ER
49,LH,HAJ,FRA,06:15:00,07:15:00,01:00:00,Airbus,A319
49,UA,BOM,EWR,00:10:00,05:40:00,16:00:00,Boeing,777-300ER
50,LH,FRA,HAJ,09:55:00,10:45:00,00:00:50,Airbus,A321
50,UA,MAD,EWR,11:15:00,14:00:00,08:45:00,Boeing,767-300
51,LH,HAJ,FRA,08:20:00,09:20:00,01:00:00,Airbus,A319
51,SQ,MAN,SIN,11:00:00,07:55:00,12:55:00,Airbus,A350-900
51,UA,EWR,MAD,20:15:00,09:25:00,07:10:00,Boeing,767-300
52,LH,FRA,HAJ,13:45:00,14:35:00,00:00:50,Airbus,A319
52,LX,ZRH,BOS,17:25:00,20:05:00,08:40:00,Airbus,A340-300
52,UA,IAD,ZRH,17:55:00,07:55:00,08:00:00,Boeing,767-400
53,LH,HAJ,FRA,10:25:00,11:25:00,01:00:00,Embraer,190
53,LX,BOS,ZRH,21:45:00,11:00:00,07:15:00,Airbus,A340-300
53,UA,ZRH,IAD,11:35:00,15:10:00,09:35:00,Boeing,767-400
54,LH,FRA,HAJ,17:25:00,18:15:00,00:00:50,Airbus,A320
55,LH,HAJ,FRA,11:25:00,12:25:00,01:00:00,Airbus,A321
56,UA,CDG,EWR,09:25:00,12:10:00,08:45:00,Boeing,767-400
57,LH,HAJ,FRA,15:15:00,16:10:00,00:00:55,Airbus,A319
57,UA,EWR,CDG,18:15:00,07:35:00,07:20:00,Boeing,767-400
58,LH,FRA,HAJ,21:00:00,21:50:00,00:00:50,Airbus,A319
58,UA,SFO,FRA,13:45:00,09:55:00,11:10:00,Boeing,777-300ER
59,LH,HAJ,FRA,19:05:00,20:00:00,00:00:55,Airbus,A320
59,UA,FRA,SFO,12:50:00,15:30:00,11:40:00,Boeing,777-300ER
61,AC,YYZ,ICN,13:35:00,17:35:00,14:00:00,Boeing,787-9
62,LH,FRA,FMO,09:15:00,10:05:00,00:00:50,Canadair,(Bombardier)
62,UA,IAH,GRU,21:30:00,11:40:00,10:10:00,Boeing,767-300
63,AC,YVR,ICN,12:05:00,16:20:00,11:15:00,Boeing,787-9
63,LH,FMO,FRA,06:50:00,07:40:00,00:00:50,Canadair,(Bombardier)
63,UA,GRU,IAH,23:30:00,05:50:00,10:20:00,Boeing,767-300
64,AC,ICN,YVR,17:55:00,10:35:00,09:40:00,Boeing,787-9
64,LH,FRA,FMO,13:10:00,14:00:00,00:00:50,Canadair,(Bombardier)
64,LX,ZRH,MIA,13:05:00,17:40:00,10:35:00,Boeing,777-300ER
64,UA,EWR,LIS,20:20:00,08:10:00,06:50:00,Boeing,757-200
65,LH,FMO,FRA,10:40:00,11:30:00,00:00:50,Canadair,(Bombardier)
65,LX,MIA,ZRH,19:45:00,10:50:00,09:05:00,Boeing,777-300ER
65,UA,LIS,EWR,10:15:00,13:50:00,08:35:00,Boeing,757-200
66,LH,FRA,FMO,17:35:00,18:25:00,00:00:50,Canadair,(Bombardier)
66,LX,ZRH,MIA,09:50:00,14:35:00,10:45:00,Airbus,A330-300
67,LH,FMO,FRA,14:35:00,15:25:00,00:00:50,Canadair,(Bombardier)
67,LX,MIA,ZRH,16:55:00,08:05:00,09:10:00,Airbus,A330-300
68,LH,FRA,FMO,20:50:00,21:40:00,00:00:50,Canadair,(Bombardier)
69,LH,FMO,FRA,19:10:00,20:00:00,00:00:50,Canadair,(Bombardier)
70,UA,EWR,AMS,17:50:00,07:15:00,07:25:00,Boeing,767-300
71,UA,AMS,EWR,09:15:00,11:55:00,08:40:00,Boeing,767-300
72,LH,FRA,DUS,07:15:00,08:05:00,00:00:50,Airbus,A320
73,LH,DUS,FRA,06:25:00,07:20:00,00:00:55,Airbus,A320
74,LH,FRA,DUS,09:25:00,10:15:00,00:00:50,Airbus,A320
75,LH,DUS,FRA,08:55:00,09:50:00,00:00:55,Airbus,A320
76,LH,FRA,DUS,13:00:00,13:50:00,00:00:50,Airbus,A320
77,LH,DUS,FRA,10:55:00,11:50:00,00:00:55,Airbus,A320
78,UA,NRT,EWR,17:45:00,16:30:00,12:45:00,Boeing,777-300ER
79,LH,DUS,FRA,14:35:00,15:25:00,00:00:50,Airbus,A320
79,UA,EWR,NRT,10:55:00,15:00:00,14:05:00,Boeing,777-300ER
80,UA,MAN,EWR,09:00:00,12:15:00,08:15:00,Boeing,757-200
81,UA,EWR,MAN,19:20:00,07:15:00,06:55:00,Boeing,757-200
82,LH,FRA,DUS,16:20:00,17:10:00,00:00:50,Canadair,(Bombardier)
82,UA,EWR,DEL,21:00:00,21:30:00,14:00:00,Boeing,777-200
83,UA,DEL,EWR,23:45:00,04:35:00,15:20:00,Boeing,777-200
84,AC,YYZ,TLV,16:50:00,10:15:00,10:25:00,Boeing,787-9
84,LH,FRA,DUS,17:10:00,18:00:00,00:00:50,Airbus,A319
84,UA,EWR,TLV,16:20:00,09:35:00,10:15:00,Boeing,777-200
85,AC,TLV,YYZ,11:55:00,17:00:00,12:05:00,Boeing,787-9
85,LH,DUS,FRA,17:55:00,18:45:00,00:00:50,Canadair,(Bombardier)
85,UA,TLV,EWR,11:35:00,16:55:00,12:20:00,Boeing,777-200
86,UA,EWR,PVG,10:00:00,14:05:00,15:05:00,Boeing,777-200
87,LH,DUS,FRA,18:40:00,19:30:00,00:00:50,Airbus,A319
87,UA,PVG,EWR,16:30:00,18:00:00,14:30:00,Boeing,777-200
88,LH,FRA,DUS,21:30:00,22:20:00,00:00:50,Airbus,A320
88,UA,PEK,EWR,17:00:00,17:50:00,13:50:00,Boeing,777-200
89,UA,EWR,PEK,12:05:00,15:00:00,13:55:00,Boeing,777-200
90,AC,YYZ,GRU,23:55:00,12:55:00,10:00:00,Boeing,777-300ER
90,UA,EWR,TLV,23:05:00,16:20:00,10:15:00,Boeing,777-300ER
91,AC,GRU,YYZ,21:45:00,05:00:00,10:15:00,Boeing,777-300ER
91,UA,TLV,EWR,23:10:00,04:30:00,12:20:00,Boeing,777-300ER
92,LH,FRA,MUC,06:15:00,07:10:00,00:00:55,Airbus,A321
92,LX,ZRH,GRU,22:40:00,07:45:00,12:05:00,Boeing,777-300ER
93,AC,SCL,YYZ,10:25:00,19:00:00,10:35:00,Boeing,787-9
93,LH,MUC,FRA,07:00:00,08:05:00,01:05:00,Airbus,A321
93,LX,GRU,ZRH,20:20:00,10:30:00,11:10:00,Boeing,777-300ER
94,AC,YYZ,EZE,19:20:00,08:05:00,10:45:00,Boeing,787-9
94,LH,FRA,MUC,07:15:00,08:10:00,00:00:55,Airbus,A321
95,LH,MUC,FRA,08:30:00,09:35:00,01:05:00,Airbus,A321
96,LH,FRA,MUC,08:15:00,09:10:00,00:00:55,Airbus,A321
97,LH,MUC,FRA,08:00:00,09:05:00,01:05:00,Airbus,A321
98,LH,FRA,MUC,09:15:00,10:10:00,00:00:55,Airbus,A321
98,UA,LAX,MEL,22:35:00,09:25:00,15:50:00,Boeing,787-9
99,LH,MUC,FRA,09:00:00,10:05:00,01:05:00,Airbus,A321
99,UA,MEL,LAX,11:25:00,06:40:00,14:15:00,Boeing,787-9
100,LH,FRA,MUC,10:15:00,11:10:00,00:00:55,Airbus,A321
100,UA,SYD,IAH,11:50:00,10:30:00,15:40:00,Boeing,787-9
101,AC,YYZ,YVR,07:15:00,09:18:00,05:03:00,Boeing,787-9
101,CA,PEK,HKG,08:00:00,11:25:00,03:25:00,Airbus,A321
101,LH,MUC,FRA,10:00:00,11:05:00,01:05:00,Airbus,A321
101,UA,IAH,SYD,20:30:00,07:00:00,17:30:00,Boeing,787-9
102,AC,YVR,YYZ,06:45:00,14:12:00,04:27:00,Airbus,A321
102,CA,HKG,PEK,12:30:00,15:40:00,03:10:00,Airbus,A321
102,UA,IAH,MUC,16:40:00,09:45:00,10:05:00,Boeing,767-300
103,AC,YYZ,YVR,08:00:00,10:08:00,05:08:00,Boeing,777-300ER
103,CA,TSN,HKG,08:30:00,12:00:00,03:30:00,Boeing,737-800
103,LH,MUC,FRA,11:00:00,12:05:00,01:05:00,Airbus,A321
104,AC,YVR,YYZ,08:00:00,15:27:00,04:27:00,Airbus,A321
104,CA,HKG,TSN,13:00:00,16:10:00,03:10:00,Boeing,737-800
104,LH,FRA,MUC,12:15:00,13:10:00,00:00:55,Airbus,A321
105,AC,YYZ,YVR,09:00:00,11:20:00,05:20:00,Airbus,A321
105,CA,DLC,HKG,12:35:00,16:45:00,04:10:00,Boeing,737-800
105,LH,MUC,FRA,12:00:00,13:00:00,01:00:00,Airbus,A321
106,CA,HKG,DLC,17:45:00,21:15:00,03:30:00,Boeing,737-800
106,LH,FRA,MUC,13:15:00,14:10:00,00:00:55,Airbus,A321
106,SQ,SIN,KUL,08:30:00,09:30:00,01:00:00,Airbus,A330-300
106,UA,IAD,MUC,17:40:00,07:40:00,08:00:00,Boeing,777-200
107,AC,YYZ,YVR,10:00:00,12:20:00,05:20:00,Airbus,A321
107,CA,PEK,HKG,18:15:00,22:05:00,03:50:00,Airbus,A321
107,SQ,KUL,SIN,10:25:00,11:25:00,01:00:00,Airbus,A330-300
107,UA,MUC,IAD,12:10:00,15:35:00,09:25:00,Boeing,777-200
108,CA,HKG,PEK,10:30:00,13:55:00,03:25:00,Airbus,A321
109,CA,PEK,HKG,13:00:00,16:45:00,03:45:00,Airbus,A330-300
109,LH,MUC,FRA,14:00:00,15:00:00,01:00:00,Airbus,A321
110,AC,YVR,YYZ,10:30:00,17:57:00,04:27:00,Airbus,A321
110,CA,HKG,PEK,17:50:00,21:10:00,03:20:00,Airbus,A330-300
110,LH,FRA,MUC,15:15:00,16:10:00,00:00:55,Airbus,A321
110,UA,EWR,LHR,18:10:00,06:20:00,07:10:00,Boeing,767-400
111,AC,YYZ,YVR,12:00:00,14:20:00,05:20:00,Airbus,A321
111,CA,PEK,HKG,09:30:00,13:05:00,03:35:00,Airbus,A330-300
111,LH,MUC,FRA,15:00:00,16:00:00,01:00:00,Airbus,A321
112,AC,YVR,YYZ,11:30:00,18:57:00,04:27:00,Airbus,A320
112,CA,HKG,PEK,14:20:00,17:30:00,03:10:00,Airbus,A330-300
112,LH,FRA,MUC,16:20:00,17:15:00,00:00:55,Airbus,A321
114,AC,YVR,YYZ,12:30:00,19:57:00,04:27:00,Airbus,A321
114,LH,FRA,MUC,17:15:00,18:10:00,00:00:55,Airbus,A321
115,AC,YYZ,YVR,14:00:00,16:20:00,05:20:00,Airbus,A321
115,CA,PEK,HKG,15:30:00,19:00:00,03:30:00,Airbus,A321
115,LH,MUC,FRA,17:00:00,18:00:00,01:00:00,Airbus,A321
116,AC,YVR,YYZ,13:45:00,21:05:00,04:20:00,Boeing,777-300ER
116,CA,HKG,PEK,20:15:00,23:25:00,03:10:00,Airbus,A321
116,LH,FRA,MUC,18:15:00,19:10:00,00:00:55,Airbus,A321
116,SQ,SIN,KUL,16:45:00,17:50:00,01:05:00,Airbus,A330-300
116,UA,HKG,GUM,23:55:00,06:40:00,04:45:00,Boeing,737-700
117,CA,PEK,HKG,17:10:00,20:50:00,03:40:00,Boeing,737-800
117,LH,MUC,FRA,18:00:00,19:00:00,01:00:00,Airbus,A321
117,SQ,KUL,SIN,18:40:00,19:45:00,01:05:00,Airbus,A330-300
117,UA,SPN,GUM,09:15:00,09:55:00,00:00:40,Boeing,737-800
118,AC,YVR,YYZ,14:10:00,21:30:00,04:20:00,Boeing,777-300ER
118,CA,HKG,PEK,08:30:00,12:00:00,03:30:00,Boeing,737-800
118,LH,FRA,MUC,19:15:00,20:10:00,00:00:55,Airbus,A320
118,SQ,SIN,KUL,18:40:00,19:40:00,01:00:00,Airbus,A350-900
119,AC,YYZ,YVR,16:00:00,18:20:00,05:20:00,Airbus,A321
119,CA,WUH,MFM,14:00:00,15:50:00,01:50:00,Airbus,A318
119,LH,MUC,FRA,19:00:00,20:00:00,01:00:00,Airbus,A321
119,SQ,KUL,SIN,20:30:00,21:30:00,01:00:00,Airbus,A350-900
120,AC,YVR,YYZ,16:00:00,23:27:00,04:27:00,Airbus,A321
120,CA,MFM,WUH,16:50:00,18:25:00,01:35:00,Airbus,A318
120,LH,FRA,MUC,20:15:00,21:10:00,00:00:55,Airbus,A321
121,AC,YYZ,YVR,17:00:00,19:20:00,05:20:00,Airbus,A321
121,CA,PEK,FNJ,13:35:00,16:20:00,01:45:00,Boeing,737-700
121,LH,MUC,FRA,20:00:00,21:00:00,01:00:00,Airbus,A321
121,UA,BCN,EWR,10:40:00,13:50:00,09:10:00,Boeing,767-300
122,CA,FNJ,PEK,17:20:00,18:20:00,02:00:00,Boeing,737-700
122,LH,FRA,MUC,21:15:00,22:10:00,00:00:55,Airbus,A321
122,UA,IAD,LHR,08:25:00,20:50:00,07:25:00,Boeing,757-200
123,CA,PEK,ICN,08:45:00,11:50:00,02:05:00,Airbus,A330-300
123,LH,MUC,FRA,21:00:00,22:00:00,01:00:00,Airbus,A320
123,UA,LHR,IAD,07:30:00,11:15:00,08:45:00,Boeing,757-200
124,CA,ICN,PEK,13:05:00,14:05:00,02:00:00,Airbus,A330-300
125,AC,YYZ,YVR,19:00:00,21:08:00,05:08:00,Boeing,777-300ER
125,CA,PEK,ICN,13:45:00,16:50:00,02:05:00,Airbus,A321
126,AC,YVR,YYZ,22:55:00,06:15:00,04:20:00,Boeing,777-300ER
126,CA,ICN,PEK,18:10:00,19:20:00,02:10:00,Airbus,A321
126,LH,FRA,STR,07:05:00,07:45:00,00:00:40,Airbus,A319
127,LH,STR,FRA,06:45:00,07:35:00,00:00:50,Airbus,A319
128,LH,FRA,STR,09:50:00,10:30:00,00:00:40,Airbus,A319
128,UA,GIG,IAH,23:05:00,05:40:00,10:35:00,Boeing,767-300
129,AC,YYZ,YVR,22:30:00,00:50:00,05:20:00,Airbus,A321
129,CA,PEK,PUS,08:25:00,11:45:00,02:20:00,Boeing,737-800
129,UA,IAH,GIG,21:55:00,12:15:00,10:20:00,Boeing,767-300
130,CA,PUS,PEK,12:45:00,14:05:00,02:20:00,Boeing,737-800
130,LH,FRA,STR,13:00:00,13:40:00,00:00:40,Airbus,A319
131,CA,PEK,ICN,11:05:00,14:10:00,02:05:00,Airbus,A321
131,LH,STR,FRA,08:30:00,09:20:00,00:00:50,Airbus,A319
132,CA,ICN,PEK,15:10:00,16:15:00,02:05:00,Airbus,A321
132,LH,FRA,STR,17:10:00,17:50:00,00:00:40,Airbus,A319
132,UA,TKK,GUM,16:15:00,17:55:00,01:40:00,Boeing,737-800
133,AC,YYZ,YYC,07:00:00,09:25:00,04:25:00,Airbus,A318
133,LH,STR,FRA,11:05:00,11:55:00,00:00:50,Airbus,A319
134,AC,YYC,YYZ,07:00:00,12:46:00,03:46:00,Airbus,A321
134,UA,EWR,ZRH,19:00:00,08:40:00,07:40:00,Boeing,767-400
135,AC,YYZ,YYC,08:10:00,10:32:00,04:22:00,Boeing,767-300
135,CA,PEK,ICN,09:25:00,12:35:00,02:10:00,Airbus,A321
135,LH,STR,FRA,14:15:00,15:05:00,00:00:50,Airbus,A319
135,UA,ZRH,EWR,10:20:00,13:45:00,09:25:00,Boeing,767-400
136,AC,YYC,YYZ,08:00:00,13:46:00,03:46:00,Airbus,A321
136,CA,ICN,PEK,13:35:00,14:40:00,02:05:00,Airbus,A321
136,LH,FRA,STR,21:55:00,22:35:00,00:00:40,Airbus,A320
137,CA,PEK,GMP,18:50:00,21:45:00,01:55:00,Boeing,737-800
137,LH,STR,FRA,18:45:00,19:35:00,00:00:50,Airbus,A319
138,CA,GMP,PEK,09:30:00,10:30:00,02:00:00,Boeing,737-800
138,LX,ZRH,HKG,22:40:00,17:20:00,11:40:00,Boeing,777-300ER
139,AC,YYZ,YYC,10:10:00,12:32:00,04:22:00,Boeing,767-300
139,CA,HGH,ICN,08:55:00,11:50:00,01:55:00,Airbus,A321
139,LX,HKG,ZRH,00:20:00,06:10:00,12:50:00,Boeing,777-300ER
140,AC,YYC,YYZ,10:10:00,15:56:00,03:46:00,Airbus,A318
140,CA,ICN,HGH,12:50:00,13:50:00,02:00:00,Airbus,A321
140,LH,FRA,NUE,07:10:00,07:55:00,00:00:45,Canadair,(Bombardier)
142,AC,YYC,YYZ,11:45:00,17:30:00,03:45:00,Boeing,767-300
142,LH,FRA,NUE,10:15:00,11:00:00,00:00:45,Airbus,A319
142,UA,NRT,DEN,18:15:00,12:40:00,10:25:00,Boeing,787-8
143,AC,YYZ,YYC,12:05:00,14:30:00,04:25:00,Airbus,A318
143,CA,YNJ,ICN,09:50:00,13:05:00,02:15:00,Boeing,737-800
143,LH,NUE,FRA,06:30:00,07:15:00,00:00:45,Airbus,A320
143,UA,DEN,NRT,12:10:00,16:30:00,12:20:00,Boeing,787-8
144,CA,ICN,YNJ,14:05:00,15:25:00,02:20:00,Boeing,737-800
144,LH,FRA,NUE,13:05:00,13:50:00,00:00:45,Airbus,A320
145,AC,YYZ,YYC,14:20:00,16:45:00,04:25:00,Airbus,A318
145,LH,NUE,FRA,08:45:00,09:30:00,00:00:45,Canadair,(Bombardier)
146,AC,YYC,YYZ,13:45:00,19:30:00,03:45:00,Boeing,767-300
146,LX,ZRH,DEL,12:35:00,00:45:00,07:40:00,Airbus,A330-300
147,AC,YYZ,YYC,16:50:00,19:15:00,04:25:00,Airbus,A321
147,LH,NUE,FRA,11:35:00,12:20:00,00:00:45,Airbus,A319
147,LX,DEL,ZRH,02:05:00,06:25:00,08:50:00,Airbus,A330-300
148,AC,YYC,YYZ,15:20:00,21:06:00,03:46:00,Airbus,A318
148,LH,FRA,NUE,17:15:00,18:00:00,00:00:45,Embraer,190
148,UA,GRU,EWR,23:00:00,05:50:00,09:50:00,Boeing,777-200
149,AC,YYZ,YYC,17:55:00,20:20:00,04:25:00,Airbus,A321
149,CA,HGH,TPE,09:30:00,11:20:00,01:50:00,Airbus,A319
149,LH,NUE,FRA,14:30:00,15:15:00,00:00:45,Airbus,A320
149,UA,EWR,GRU,22:00:00,10:40:00,09:40:00,Boeing,777-200
150,AC,YYC,YYZ,17:35:00,23:21:00,03:46:00,Airbus,A321
150,CA,TPE,HGH,12:30:00,14:20:00,01:50:00,Airbus,A319
150,LH,FRA,NUE,21:00:00,21:45:00,00:00:45,Airbus,A319
150,UA,KIX,GUM,11:05:00,15:45:00,03:40:00,Boeing,737-700
151,AC,YYZ,YYC,18:55:00,21:20:00,04:25:00,Airbus,A318
151,CA,DLC,KIX,11:00:00,14:20:00,02:20:00,Boeing,737-800
151,UA,GUM,KIX,07:10:00,10:10:00,04:00:00,Boeing,737-700
152,AC,YYC,YYZ,18:35:00,00:21:00,03:46:00,Airbus,A319
152,CA,DLC,TSN,18:00:00,19:15:00,01:15:00,Boeing,737-800
153,CA,DLC,HIJ,10:40:00,13:30:00,01:50:00,Boeing,737-800
153,LH,NUE,FRA,18:50:00,19:35:00,00:00:45,Embraer,190
154,CA,DLC,PEK,16:25:00,17:50:00,01:25:00,Boeing,737-800
154,LH,FRA,LEJ,07:00:00,07:55:00,00:00:55,Canadair,(Bombardier)
154,LX,ZRH,BOM,09:45:00,22:30:00,08:15:00,Airbus,A330-300
154,UA,HNL,MAJ,07:25:00,10:35:00,05:10:00,Boeing,737-800
155,AC,YYZ,YYC,20:55:00,23:17:00,04:22:00,Boeing,767-300
155,LX,BOM,ZRH,01:20:00,06:10:00,09:20:00,Airbus,A330-300
155,UA,MAJ,HNL,20:10:00,02:50:00,04:40:00,Boeing,737-800
156,LH,FRA,LEJ,09:05:00,10:00:00,00:00:55,Embraer,190
157,CA,PVG,NRT,17:20:00,21:00:00,02:40:00,Boeing,737-800
157,LH,LEJ,FRA,06:15:00,07:15:00,01:00:00,Embraer,190
157,UA,GUM,ROR,20:00:00,21:05:00,02:05:00,Boeing,737-700
158,CA,PVG,CKG,12:30:00,15:35:00,03:05:00,Boeing,737-800
158,LH,FRA,LEJ,12:20:00,13:15:00,00:00:55,Embraer,190
158,UA,ROR,GUM,01:45:00,04:50:00,02:05:00,Boeing,737-700
159,LH,LEJ,FRA,08:40:00,09:40:00,01:00:00,Canadair,(Bombardier)
159,UA,GUM,HKG,19:50:00,23:00:00,05:10:00,Boeing,737-700
160,AC,YEG,YYZ,07:00:00,12:44:00,03:44:00,Airbus,A318
160,LH,FRA,LEJ,17:00:00,17:55:00,00:00:55,Canadair,(Bombardier)
160,LX,ZRH,NRT,13:00:00,08:55:00,11:55:00,Airbus,A340-300
160,UA,MUC,IAH,11:40:00,16:40:00,12:00:00,Boeing,767-300
161,CA,PEK,KIX,16:05:00,20:10:00,03:05:00,Airbus,A330-200
161,LH,LEJ,FRA,10:35:00,11:35:00,01:00:00,Embraer,190
161,LX,NRT,ZRH,10:40:00,15:25:00,12:45:00,Airbus,A340-300
162,AC,YEG,YYZ,08:00:00,13:44:00,03:44:00,Boeing,737MAX
162,CA,KIX,PEK,09:00:00,11:20:00,03:20:00,Airbus,A330-300
163,AC,YYZ,YEG,08:05:00,10:26:00,04:21:00,Airbus,A321
163,CA,PVG,KIX,17:30:00,20:30:00,02:00:00,Airbus,A321
163,LH,LEJ,FRA,14:15:00,15:15:00,01:00:00,Embraer,190
164,CA,KIX,PVG,09:15:00,11:10:00,02:55:00,Airbus,A321
164,LH,FRA,LEJ,21:40:00,22:35:00,00:00:55,Embraer,190
165,AC,YYZ,YEG,10:25:00,12:46:00,04:21:00,Airbus,A321
165,CA,PEK,MEL,00:40:00,15:35:00,11:55:00,Airbus,A330-300
165,LH,LEJ,FRA,18:30:00,19:30:00,01:00:00,Canadair,(Bombardier)
165,UA,GUM,FUK,07:40:00,10:50:00,04:10:00,Boeing,737-700
166,CA,MEL,PEK,20:15:00,05:00:00,11:45:00,Airbus,A330-300
166,LH,FRA,TXL,16:15:00,17:25:00,01:10:00,Airbus,A320
166,UA,FUK,GUM,11:50:00,16:35:00,03:45:00,Boeing,737-700
167,AC,YYZ,YEG,12:45:00,15:06:00,04:21:00,Airbus,A318
167,CA,PEK,HND,11:55:00,16:10:00,03:15:00,Airbus,A330-200
167,LH,TXL,FRA,18:15:00,19:25:00,01:10:00,Airbus,A320
168,AC,YEG,YYZ,11:20:00,17:01:00,03:41:00,Airbus,A321
168,CA,HND,PEK,19:30:00,22:30:00,04:00:00,Airbus,A330-200
168,LH,FRA,TXL,17:15:00,18:25:00,01:10:00,Airbus,A319
169,AC,YYZ,YEG,14:40:00,17:01:00,04:21:00,Boeing,737MAX
169,CA,PEK,CTS,08:00:00,12:40:00,03:40:00,Boeing,737-800
169,LH,TXL,FRA,19:15:00,20:25:00,01:10:00,Airbus,A319
170,AC,YEG,YYZ,13:45:00,19:26:00,03:41:00,Airbus,A321
170,CA,CTS,PEK,13:50:00,17:35:00,04:45:00,Boeing,737-800
170,LH,FRA,TXL,06:45:00,07:55:00,01:10:00,Airbus,A321
171,AC,YYZ,YEG,16:20:00,18:41:00,04:21:00,Airbus,A318
171,CA,TSN,ICN,09:00:00,11:45:00,01:45:00,Boeing,737-800
171,LH,TXL,FRA,20:15:00,21:25:00,01:10:00,Airbus,A321
172,AC,YEG,YYZ,16:00:00,21:41:00,03:41:00,Airbus,A318
172,CA,ICN,TSN,12:45:00,13:35:00,01:50:00,Boeing,737-800
172,LH,FRA,TXL,06:15:00,07:25:00,01:10:00,Airbus,A321
173,AC,YYZ,YEG,18:45:00,21:06:00,04:21:00,Boeing,737MAX
173,CA,PEK,SYD,01:40:00,15:50:00,11:10:00,Airbus,A330-300
173,LH,TXL,FRA,06:30:00,07:40:00,01:10:00,Airbus,A321
174,AC,YEG,YYZ,17:55:00,23:36:00,03:41:00,Boeing,737MAX
174,CA,SYD,PEK,20:40:00,05:10:00,11:30:00,Airbus,A330-300
174,LH,FRA,TXL,07:45:00,08:55:00,01:10:00,Airbus,A321
174,UA,GUM,SPN,07:30:00,08:11:00,00:00:41,Boeing,737-800
175,AC,YYZ,YEG,20:55:00,23:16:00,04:21:00,Airbus,A321
175,LH,TXL,FRA,07:45:00,08:55:00,01:10:00,Airbus,A321
175,SQ,HAN,SIN,12:35:00,17:15:00,03:40:00,Airbus,A330-300
176,LH,FRA,TXL,08:45:00,09:55:00,01:10:00,Airbus,A321
176,LX,ZRH,SIN,22:45:00,18:00:00,12:15:00,Boeing,777-300ER
176,SQ,SIN,HAN,09:20:00,11:40:00,03:20:00,Airbus,A330-300
177,CA,PVG,MEL,19:15:00,09:00:00,10:45:00,Airbus,A330-200
177,LH,TXL,FRA,08:45:00,09:55:00,01:10:00,Airbus,A321
177,LX,SIN,ZRH,00:05:00,06:15:00,13:10:00,Boeing,777-300ER
177,SQ,SGN,SIN,12:15:00,15:20:00,02:05:00,Airbus,A330-300
178,AC,YEG,YYZ,00:20:00,06:00:00,03:40:00,Airbus,A321
178,CA,MEL,PVG,11:35:00,19:25:00,10:50:00,Airbus,A330-200
178,LH,FRA,TXL,09:45:00,10:55:00,01:10:00,Airbus,A321
178,SQ,SIN,SGN,09:50:00,11:00:00,02:10:00,Airbus,A330-300
179,CA,PEK,MNL,19:00:00,23:40:00,04:40:00,Airbus,A330-300
179,LH,TXL,FRA,08:15:00,09:25:00,01:10:00,Airbus,A321
179,UA,EWR,HKG,15:05:00,20:05:00,16:00:00,Boeing,777-200
180,CA,MNL,PEK,06:20:00,11:00:00,04:40:00,Airbus,A330-300
180,LH,FRA,TXL,10:45:00,11:55:00,01:10:00,Airbus,A321
180,LX,ZRH,BKK,18:00:00,10:30:00,10:30:00,Boeing,777-300ER
180,UA,HKG,EWR,11:00:00,13:20:00,15:20:00,Boeing,777-200
181,CA,PEK,HND,08:35:00,12:50:00,03:15:00,Airbus,A330-300
181,LH,TXL,FRA,09:45:00,10:55:00,01:10:00,Airbus,A321
181,LX,BKK,ZRH,13:05:00,19:10:00,12:05:00,Boeing,777-300ER
181,SQ,BWN,SIN,11:55:00,14:05:00,02:10:00,Boeing,777-300
182,CA,HND,PEK,14:20:00,17:15:00,03:55:00,Airbus,A330-300
182,LH,FRA,TXL,11:45:00,12:55:00,01:10:00,Airbus,A321
182,SQ,SIN,BWN,08:40:00,10:50:00,02:10:00,Boeing,777-300
183,CA,PEK,HND,17:20:00,21:30:00,03:10:00,Airbus,A330-300
183,LH,TXL,FRA,10:45:00,11:55:00,01:10:00,Airbus,A321
183,UA,GUM,MNL,20:00:00,21:50:00,03:50:00,Boeing,737-800
184,CA,HND,PEK,08:30:00,11:30:00,04:00:00,Airbus,A330-300
184,LH,FRA,TXL,12:45:00,13:55:00,01:10:00,Airbus,A321
184,UA,MNL,GUM,22:55:00,04:45:00,03:50:00,Boeing,737-800
185,CA,PEK,TPE,08:30:00,11:40:00,03:10:00,Airbus,A330-300
185,LH,TXL,FRA,11:45:00,12:55:00,01:10:00,Airbus,A321
185,SQ,SGN,SIN,19:50:00,22:55:00,02:05:00,Boeing,787
186,AC,YVR,YYZ,15:15:00,22:42:00,04:27:00,Airbus,A321
186,CA,TPE,PEK,13:15:00,16:35:00,03:20:00,Airbus,A330-300
186,LH,FRA,TXL,13:45:00,14:55:00,01:10:00,Airbus,A321
186,SQ,SIN,SGN,17:30:00,18:40:00,02:10:00,Boeing,787
187,LH,TXL,FRA,12:45:00,13:55:00,01:10:00,Airbus,A321
187,SQ,HAN,SIN,18:25:00,23:05:00,03:40:00,Airbus,A330-300
188,LH,FRA,TXL,14:45:00,15:55:00,01:10:00,Airbus,A321
188,LX,ZRH,PVG,12:55:00,07:55:00,12:00:00,Airbus,A340-300
188,SQ,SIN,HAN,15:10:00,17:30:00,03:20:00,Airbus,A330-300
189,LH,TXL,FRA,13:45:00,14:55:00,01:10:00,Airbus,A321
189,LX,PVG,ZRH,09:50:00,15:30:00,12:40:00,Airbus,A340-300
190,LH,FRA,TXL,15:45:00,16:55:00,01:10:00,Airbus,A321
191,LH,TXL,FRA,14:45:00,15:55:00,01:10:00,Airbus,A321
192,LH,FRA,TXL,16:45:00,17:55:00,01:10:00,Airbus,A321
193,LH,TXL,FRA,15:45:00,16:55:00,01:10:00,Airbus,A321
194,LH,FRA,TXL,17:45:00,18:55:00,01:10:00,Airbus,A321
195,CA,PVG,TPE,12:05:00,14:00:00,01:55:00,Airbus,A330-300
195,LH,TXL,FRA,16:45:00,17:55:00,01:10:00,Airbus,A321
196,CA,TPE,PVG,15:00:00,17:00:00,02:00:00,Airbus,A330-300
196,LH,FRA,TXL,18:15:00,19:25:00,01:10:00,Airbus,A321
196,UA,GUM,NRT,13:05:00,16:00:00,03:55:00,Boeing,737-800
197,LH,TXL,FRA,17:45:00,18:55:00,01:10:00,Airbus,A321
197,LX,PEK,ZRH,06:45:00,10:40:00,10:55:00,Airbus,A330-300
197,UA,NRT,GUM,17:45:00,22:40:00,03:55:00,Boeing,737-800
198,LH,FRA,TXL,18:45:00,19:55:00,01:10:00,Airbus,A321
198,UA,LAX,PVG,12:50:00,18:45:00,13:55:00,Boeing,787-9
199,LH,TXL,FRA,18:45:00,19:55:00,01:10:00,Airbus,A321
199,UA,PVG,LAX,20:25:00,15:45:00,11:20:00,Boeing,787-9
200,AC,YVR,YYC,07:00:00,09:26:00,01:26:00,Boeing,737MAX
200,LH,FRA,TXL,19:45:00,20:55:00,01:10:00,Airbus,A321
200,UA,GUM,HNL,07:50:00,18:55:00,07:05:00,Boeing,777-200
201,AC,YYC,YVR,06:20:00,06:55:00,01:35:00,Airbus,A319
201,LH,TXL,FRA,19:45:00,20:55:00,01:10:00,Airbus,A321
201,UA,HNL,GUM,15:15:00,19:05:00,07:50:00,Boeing,777-200
202,AC,YVR,YYC,08:20:00,10:42:00,01:22:00,Airbus,A320
202,LH,FRA,TXL,21:15:00,22:25:00,01:10:00,Airbus,A321
202,UA,DEN,TUS,15:35:00,17:35:00,02:00:00,Airbus,A319
203,LH,TXL,FRA,20:45:00,21:55:00,01:10:00,Airbus,A321
203,UA,DEN,CMH,09:50:00,14:31:00,02:41:00,Boeing,737-800
204,LH,FRA,DRS,06:55:00,07:55:00,01:00:00,Airbus,A319
204,UA,ORD,ALB,18:30:00,21:25:00,01:55:00,Airbus,A319
205,AC,YYC,YVR,08:10:00,08:49:00,01:39:00,Boeing,737MAX
205,UA,SFO,PDX,07:05:00,08:53:00,01:48:00,Airbus,A319
206,AC,YVR,YYC,09:45:00,12:07:00,01:22:00,Airbus,A320
206,LH,FRA,DRS,09:15:00,10:15:00,01:00:00,Airbus,A320
206,UA,MCO,DEN,12:20:00,14:19:00,03:59:00,Boeing,737-900
207,AC,YYC,YVR,09:00:00,09:35:00,01:35:00,Airbus,A321
207,LH,DRS,FRA,06:30:00,07:35:00,01:05:00,Airbus,A319
207,SQ,SIN,MEL,07:45:00,18:10:00,07:25:00,Airbus,A350-900
207,UA,BOS,SFO,08:20:00,11:59:00,06:39:00,Boeing,757-200
208,SQ,MEL,SIN,19:25:00,00:05:00,07:40:00,Airbus,A350-900
208,UA,IAD,LAX,19:00:00,21:46:00,05:46:00,Boeing,737-900
209,LH,DRS,FRA,08:35:00,09:40:00,01:05:00,Airbus,A319
209,UA,SFO,SEA,10:40:00,13:01:00,02:21:00,Airbus,A320
210,AC,YVR,YYC,11:25:00,13:47:00,01:22:00,Airbus,A319
210,LH,FRA,DRS,12:40:00,13:40:00,01:00:00,Airbus,A319
210,UA,JAC,DEN,07:15:00,08:55:00,01:40:00,Airbus,A320
211,AC,YYC,YVR,10:20:00,10:59:00,01:39:00,Boeing,737MAX
211,LH,DRS,FRA,10:55:00,12:00:00,01:05:00,Airbus,A320
211,SQ,SIN,SYD,10:30:00,21:20:00,07:50:00,Boeing,777-300ER
211,UA,YYZ,ORD,11:07:00,12:05:00,01:58:00,Airbus,A319
212,AC,YVR,YYC,12:25:00,14:51:00,01:26:00,Boeing,737MAX
212,SQ,SYD,SIN,09:05:00,14:15:00,08:10:00,Boeing,777-300ER
212,UA,RDU,EWR,18:00:00,19:44:00,01:44:00,Boeing,737-700
213,SQ,SIN,PER,07:40:00,12:55:00,05:15:00,Airbus,A330-300
213,UA,SFO,EWR,16:00:00,00:12:00,05:12:00,Boeing,757-200
214,AC,YVR,YYC,14:15:00,16:37:00,01:22:00,Airbus,A321
214,LH,FRA,DRS,17:10:00,18:10:00,01:00:00,Airbus,A320
214,SQ,PER,SIN,17:30:00,22:45:00,05:15:00,Boeing,777-200
214,UA,SFO,ORD,18:27:00,20:38:00,02:11:00,Airbus,A320
215,AC,YYC,YVR,12:00:00,12:35:00,01:35:00,Airbus,A320
215,LH,DRS,FRA,14:15:00,15:20:00,01:05:00,Airbus,A319
215,SQ,SIN,PER,18:40:00,23:55:00,05:15:00,Boeing,787
216,AC,YVR,YYC,15:15:00,17:37:00,01:22:00,Airbus,A320
216,LH,FRA,DRS,21:20:00,22:20:00,01:00:00,Airbus,A319
216,SQ,PER,SIN,01:10:00,06:25:00,05:15:00,Boeing,787
216,UA,AUS,IAH,14:36:00,15:32:00,00:00:56,Boeing,737-900
217,AC,YYC,YVR,13:00:00,13:35:00,01:35:00,Airbus,A320
217,SQ,SIN,MEL,11:00:00,21:25:00,07:25:00,Airbus,A380-800
218,AC,YVR,YYC,16:05:00,18:27:00,01:22:00,Airbus,A319
218,SQ,MEL,SIN,01:05:00,05:45:00,07:40:00,Airbus,A380-800
218,UA,HNL,ORD,16:55:00,04:52:00,07:57:00,Boeing,777-200
219,AC,YYC,YVR,14:40:00,15:15:00,01:35:00,Airbus,A319
219,LH,DRS,FRA,19:00:00,20:05:00,01:05:00,Airbus,A320
219,UA,ORD,HNL,10:10:00,15:27:00,09:17:00,Boeing,777-200
220,UA,ORD,MSP,19:47:00,21:14:00,01:27:00,Airbus,A320
221,AC,YYC,YVR,15:45:00,16:24:00,01:39:00,Boeing,737MAX
221,SQ,SIN,SYD,20:40:00,07:40:00,08:00:00,Airbus,A380-800
221,UA,MCO,IAD,09:20:00,11:19:00,01:59:00,Boeing,737-900
222,AC,YVR,YYC,17:30:00,19:52:00,01:22:00,Airbus,A319
222,SQ,SYD,SIN,16:10:00,21:20:00,08:10:00,Airbus,A380-800
222,UA,ORD,SFO,14:00:00,16:48:00,04:48:00,Boeing,737-900
223,AC,YYC,YVR,17:30:00,18:05:00,01:35:00,Airbus,A320
223,SQ,SIN,PER,09:30:00,14:45:00,05:15:00,Boeing,777-200
223,UA,DEN,PHL,18:35:00,23:59:00,03:24:00,Airbus,A320
224,AC,YVR,YYC,19:35:00,22:01:00,01:26:00,Boeing,737MAX
224,SQ,PER,SIN,06:40:00,11:55:00,05:15:00,Airbus,A330-300
224,UA,SFO,BUR,20:33:00,21:49:00,01:16:00,Airbus,A319
225,AC,YYC,YVR,19:30:00,20:05:00,01:35:00,Airbus,A320
225,SQ,SIN,PER,00:10:00,05:25:00,05:15:00,Airbus,A330-300
225,UA,IAD,SFO,22:00:00,00:56:00,05:56:00,Boeing,737-800
226,AC,YVR,YYC,20:30:00,22:52:00,01:22:00,Airbus,A321
226,SQ,PER,SIN,14:15:00,19:30:00,05:15:00,Airbus,A330-300
227,SQ,SIN,MEL,21:50:00,08:15:00,07:25:00,Boeing,777-300ER
228,LH,FRA,TRS,09:15:00,10:35:00,01:20:00,Canadair,(Bombardier)
228,SQ,MEL,SIN,16:40:00,21:20:00,07:40:00,Boeing,777-300ER
228,UA,ORD,YYZ,14:00:00,16:44:00,01:44:00,Airbus,A320
229,AC,YYC,YVR,20:15:00,20:50:00,01:35:00,Airbus,A319
229,LH,TRS,FRA,11:10:00,12:35:00,01:25:00,Canadair,(Bombardier)
229,UA,IAD,SAN,08:35:00,11:02:00,05:27:00,Airbus,A320
230,AC,YVR,YYC,22:10:00,00:32:00,01:22:00,Airbus,A319
230,LH,FRA,FCO,07:00:00,08:45:00,01:45:00,Airbus,A321
230,UA,EWR,PHX,19:30:00,22:58:00,05:28:00,Boeing,737-700
231,AC,YYC,YVR,21:15:00,21:50:00,01:35:00,Airbus,A320
231,LH,FCO,FRA,09:35:00,11:35:00,02:00:00,Airbus,A321
231,SQ,SIN,SYD,00:45:00,11:50:00,08:05:00,Airbus,A380-800
231,UA,SAN,DEN,17:58:00,21:11:00,02:13:00,Boeing,737-900
232,AC,YVR,YEG,06:20:00,08:49:00,01:29:00,Airbus,A320
232,LH,FRA,FCO,10:50:00,12:35:00,01:45:00,Airbus,A321
232,SQ,SYD,SIN,12:15:00,17:35:00,08:20:00,Airbus,A380-800
233,AC,YEG,YVR,06:45:00,07:26:00,01:41:00,Airbus,A320
233,LH,FCO,FRA,13:25:00,15:25:00,02:00:00,Airbus,A321
233,UA,SAT,ORD,08:00:00,10:40:00,02:40:00,Airbus,A320
234,AC,YVR,YEG,08:50:00,11:19:00,01:29:00,Airbus,A319
234,UA,MCO,LAX,19:23:00,21:54:00,05:31:00,Boeing,737
235,SQ,SIN,BNE,21:15:00,07:15:00,08:00:00,Airbus,A350-900
235,UA,PHX,IAH,15:13:00,18:41:00,02:28:00,Airbus,A320
236,AC,YVR,YEG,10:25:00,12:54:00,01:29:00,Airbus,A321
236,SQ,BNE,SIN,14:45:00,20:45:00,08:00:00,Airbus,A350-900
236,UA,ATL,IAD,14:34:00,16:17:00,01:43:00,Airbus,A319
237,AC,YEG,YVR,07:45:00,08:26:00,01:41:00,Airbus,A319
237,SQ,SIN,MEL,00:25:00,10:50:00,07:25:00,Boeing,777-300ER
237,UA,DEN,PHX,07:55:00,09:55:00,02:00:00,Boeing,737-800
238,LH,FRA,FCO,16:10:00,17:55:00,01:45:00,Airbus,A319
238,LX,ZRH,CAI,21:30:00,02:25:00,03:55:00,Airbus,A320
238,SQ,MEL,SIN,10:35:00,15:15:00,07:40:00,Boeing,777-300ER
238,UA,DCA,ORD,17:55:00,19:03:00,02:08:00,Airbus,A319
239,AC,YEG,YVR,09:45:00,10:26:00,01:41:00,Airbus,A320
239,LH,FCO,FRA,18:45:00,20:45:00,02:00:00,Airbus,A319
239,LX,CAI,ZRH,03:30:00,06:45:00,04:15:00,Airbus,A320
239,UA,EWR,BNA,15:13:00,16:38:00,02:25:00,Airbus,A319
241,AC,YEG,YVR,12:15:00,12:56:00,01:41:00,Airbus,A319
241,SQ,SIN,SYD,07:05:00,17:55:00,07:50:00,Boeing,777-300ER
241,UA,ORD,SEA,12:59:00,15:41:00,04:42:00,Airbus,A320
242,AC,YVR,YEG,13:35:00,16:04:00,01:29:00,Boeing,777-300ER
242,LH,FRA,FCO,21:55:00,23:40:00,01:45:00,Airbus,A321
242,LX,DXB,MCT,22:10:00,23:10:00,01:00:00,Airbus,A330-300
242,SQ,SYD,SIN,19:10:00,00:20:00,08:10:00,Boeing,777-300ER
242,UA,EWR,MIA,12:28:00,15:31:00,03:03:00,Airbus,A320
243,AC,YEG,YVR,13:40:00,14:21:00,01:41:00,Airbus,A321
243,LH,FCO,FRA,07:20:00,09:20:00,02:00:00,Airbus,A320
243,LX,DXB,ZRH,02:15:00,06:25:00,07:10:00,Airbus,A330-300
243,UA,TUS,DEN,09:37:00,11:35:00,01:58:00,Airbus,A319
244,AC,YVR,YEG,16:20:00,18:49:00,01:29:00,Airbus,A319
244,LH,FRA,TRS,16:20:00,17:40:00,01:20:00,Canadair,(Bombardier)
244,UA,ORD,PBI,09:00:00,12:54:00,02:54:00,Airbus,A320
245,LH,TRS,FRA,18:30:00,19:55:00,01:25:00,Canadair,(Bombardier)
245,SQ,SIN,BNE,09:45:00,19:45:00,08:00:00,Airbus,A350-900
245,UA,DEN,TPA,10:11:00,15:31:00,03:20:00,Boeing,737-900
246,AC,YVR,YEG,18:35:00,21:04:00,01:29:00,Airbus,A320
246,LH,FRA,MXP,09:15:00,10:25:00,01:10:00,Airbus,A320
246,SQ,BNE,SIN,23:25:00,05:10:00,07:45:00,Airbus,A350-900
246,UA,ORD,TPA,18:08:00,21:47:00,02:39:00,Boeing,737-900
247,LH,MXP,FRA,11:00:00,12:20:00,01:20:00,Airbus,A320
247,SQ,SIN,MEL,20:05:00,06:30:00,07:25:00,Boeing,777-200
247,UA,LAX,EWR,07:15:00,15:16:00,05:01:00,Boeing,777-200
248,AC,YVR,YEG,20:55:00,23:24:00,01:29:00,Airbus,A320
248,LH,FRA,MXP,07:10:00,08:20:00,01:10:00,Airbus,A320
248,UA,PHX,ORD,08:42:00,13:05:00,03:23:00,Boeing,737-900
249,LH,MXP,FRA,09:20:00,10:40:00,01:20:00,Airbus,A320
249,UA,IAD,IAH,17:35:00,19:57:00,03:22:00,Boeing,737-700
250,UA,PDX,IAD,08:15:00,15:55:00,04:40:00,Airbus,A320
251,UA,IAD,PDX,17:15:00,20:06:00,05:51:00,Airbus,A320
252,LX,ZRH,TLV,09:45:00,14:35:00,03:50:00,Airbus,A330-300
252,UA,HNL,IAH,20:35:00,08:00:00,07:25:00,Boeing,777-200
253,AC,YEG,YVR,19:40:00,20:21:00,01:41:00,Airbus,A320
253,LH,MXP,FRA,14:20:00,15:35:00,01:15:00,Airbus,A320
253,LX,TLV,ZRH,16:00:00,19:20:00,04:20:00,Airbus,A330-300
253,UA,IAH,HNL,09:40:00,14:15:00,08:35:00,Boeing,777-200
254,LH,FRA,MXP,16:35:00,17:45:00,01:10:00,Airbus,A319
254,UA,DEN,ORD,18:00:00,21:18:00,02:18:00,Boeing,757-300
255,LH,MXP,FRA,18:30:00,19:45:00,01:15:00,Airbus,A319
255,SQ,SIN,BNE,00:45:00,10:45:00,08:00:00,Airbus,A350-900
255,UA,CID,DEN,08:54:00,10:05:00,02:11:00,Airbus,A319
256,AC,YWG,YYZ,06:15:00,09:38:00,02:23:00,Airbus,A318
256,LH,FRA,MXP,17:40:00,18:50:00,01:10:00,Airbus,A320
256,LX,ZRH,TLV,22:40:00,03:35:00,03:55:00,Airbus,A330-300
256,SQ,BNE,SIN,09:10:00,15:10:00,08:00:00,Airbus,A350-900
256,UA,SFO,LAX,11:00:00,12:36:00,01:36:00,Airbus,A320
257,LH,MXP,FRA,19:30:00,20:45:00,01:15:00,Airbus,A320
257,LX,TLV,ZRH,05:20:00,08:40:00,04:20:00,Airbus,A321
257,UA,DEN,SFO,18:55:00,20:36:00,02:41:00,Boeing,777-200
258,UA,SFO,AUS,09:34:00,15:06:00,03:32:00,Airbus,A320
259,AC,YYZ,YWG,08:15:00,09:54:00,02:39:00,Airbus,A318
259,LH,MXP,FRA,07:50:00,09:10:00,01:20:00,Airbus,A319
259,UA,TPA,EWR,09:45:00,12:15:00,02:30:00,Boeing,737-800
260,AC,YWG,YYZ,08:00:00,11:23:00,02:23:00,Airbus,A320
260,UA,SEA,IAD,13:00:00,20:42:00,04:42:00,Airbus,A320
261,AC,YYZ,YWG,10:15:00,11:54:00,02:39:00,Airbus,A318
261,UA,LAX,MCO,10:32:00,18:14:00,04:42:00,Boeing,737
262,UA,ORD,SEA,19:44:00,22:24:00,04:40:00,Boeing,737-800
263,AC,YYZ,YWG,12:55:00,14:34:00,02:39:00,Airbus,A318
263,UA,ORD,LGA,17:00:00,20:10:00,02:10:00,Airbus,A319
264,AC,YWG,YYZ,10:45:00,14:15:00,02:30:00,Airbus,A318
264,UA,SFO,IAH,14:55:00,20:36:00,03:41:00,Boeing,737-900
265,AC,YYZ,YWG,14:40:00,16:19:00,02:39:00,Airbus,A318
265,SQ,SIN,BNE,07:15:00,16:55:00,07:40:00,Airbus,A330-300
265,UA,DEN,SNA,08:11:00,09:32:00,02:21:00,Airbus,A320
266,AC,YWG,YYZ,12:45:00,16:08:00,02:23:00,Airbus,A318
266,SQ,BNE,SIN,18:10:00,00:10:00,08:00:00,Airbus,A330-300
267,AC,YYZ,YWG,16:15:00,17:54:00,02:39:00,Airbus,A318
267,UA,IAD,PHX,17:40:00,20:46:00,05:06:00,Airbus,A320
268,AC,YWG,YYZ,15:25:00,18:48:00,02:23:00,Airbus,A318
268,UA,DEN,SFO,10:05:00,11:51:00,02:46:00,Boeing,737-800
269,AC,YYZ,YWG,19:20:00,20:59:00,02:39:00,Airbus,A318
269,UA,ORD,DEN,19:35:00,21:12:00,02:37:00,Boeing,737-900
270,AC,YWG,YYZ,17:15:00,20:38:00,02:23:00,Airbus,A318
270,LH,FRA,LIN,08:45:00,09:55:00,01:10:00,Airbus,A319
270,UA,DEN,BOI,11:30:00,13:30:00,02:00:00,Boeing,737-900
271,AC,YYZ,YWG,21:55:00,23:34:00,02:39:00,Airbus,A318
271,LH,LIN,FRA,10:35:00,11:55:00,01:20:00,Airbus,A319
271,UA,EWR,BNA,20:59:00,22:28:00,02:29:00,Boeing,737-700
272,AC,YWG,YYZ,18:40:00,22:03:00,02:23:00,Airbus,A318
272,LH,FRA,LIN,11:35:00,12:45:00,01:10:00,Airbus,A321
272,UA,MCO,ORD,09:39:00,11:25:00,02:46:00,Boeing,757-300
273,LH,LIN,FRA,13:40:00,14:55:00,01:15:00,Airbus,A321
273,UA,ORD,OMA,19:40:00,21:14:00,01:34:00,Boeing,737-700
274,LH,FRA,LIN,15:30:00,16:40:00,01:10:00,Airbus,A320
274,UA,SFO,PHL,13:05:00,21:22:00,05:17:00,Airbus,A319
275,LH,LIN,FRA,17:55:00,19:10:00,01:15:00,Airbus,A320
275,UA,EWR,LAX,18:00:00,21:13:00,06:13:00,Boeing,757-200
276,LH,FRA,LIN,17:00:00,18:10:00,01:10:00,Airbus,A320
276,UA,IAH,AUS,10:15:00,11:10:00,00:00:55,Boeing,737-800
277,LH,LIN,FRA,19:00:00,20:15:00,01:15:00,Airbus,A320
277,UA,DEN,SFO,07:50:00,09:36:00,02:46:00,Boeing,737-800
278,LH,FRA,LIN,21:55:00,23:05:00,01:10:00,Airbus,A320
278,SQ,ADL,SIN,10:25:00,15:10:00,07:15:00,Airbus,A330-300
278,UA,SEA,ORD,10:55:00,16:47:00,03:52:00,Boeing,737-800
279,LH,LIN,FRA,06:35:00,07:55:00,01:20:00,Airbus,A320
279,SQ,SIN,ADL,23:35:00,09:05:00,07:00:00,Airbus,A330-300
279,UA,FLL,EWR,09:05:00,11:55:00,02:50:00,Boeing,737-900
280,LH,FRA,LIN,13:00:00,14:10:00,01:10:00,Airbus,A321
280,UA,SEA,IAH,14:25:00,20:34:00,04:09:00,Boeing,737-800
281,LH,LIN,FRA,14:55:00,16:10:00,01:15:00,Airbus,A319
281,SQ,SIN,AKL,08:45:00,23:35:00,09:50:00,Boeing,777-300ER
281,UA,AUS,IAH,16:11:00,17:22:00,01:11:00,Boeing,737-900
282,LH,FRA,BLQ,08:45:00,10:00:00,01:15:00,Airbus,A319
282,SQ,AKL,SIN,01:15:00,06:45:00,10:30:00,Boeing,777-300ER
282,UA,SMF,ORD,14:12:00,20:08:00,03:56:00,Airbus,A319
283,LH,BLQ,FRA,10:40:00,12:10:00,01:30:00,Airbus,A319
283,UA,PSP,ORD,14:20:00,20:04:00,03:44:00,Airbus,A319
284,LH,FRA,BLQ,12:40:00,13:55:00,01:15:00,Airbus,A319
284,UA,DEN,CID,17:36:00,20:26:00,01:50:00,Airbus,A319
285,LH,BLQ,FRA,14:40:00,16:10:00,01:30:00,Airbus,A319
285,SQ,SIN,AKL,22:25:00,13:20:00,09:55:00,Airbus,A380-800
285,UA,SFO,IAH,11:00:00,16:40:00,03:40:00,Boeing,787-9
286,LH,FRA,BLQ,10:05:00,11:20:00,01:15:00,Airbus,A321
286,SQ,AKL,SIN,15:15:00,20:40:00,10:25:00,Airbus,A380-800
286,UA,HNL,LAX,14:28:00,21:49:00,05:21:00,Boeing,757-300
287,LH,BLQ,FRA,12:05:00,13:35:00,01:30:00,Airbus,A321
287,UA,ORD,YVR,10:25:00,13:07:00,04:42:00,Boeing,737-700
288,LH,FRA,BLQ,17:10:00,18:25:00,01:15:00,Embraer,190
288,LX,ZRH,JNB,22:40:00,10:20:00,10:40:00,Airbus,A340-300
288,SQ,CBR,SIN,23:55:00,05:00:00,08:05:00,Boeing,777-300ER
288,UA,LAS,SFO,06:40:00,08:26:00,01:46:00,Boeing,737-800
289,LH,BLQ,FRA,19:05:00,20:35:00,01:30:00,Embraer,190
289,LX,JNB,ZRH,20:20:00,06:10:00,10:50:00,Airbus,A330-300
289,UA,BZN,DEN,14:55:00,16:27:00,01:32:00,Airbus,A320
290,AC,YVR,YWG,09:50:00,14:26:00,02:36:00,Airbus,A319
290,LH,FRA,BLQ,20:40:00,21:55:00,01:15:00,Airbus,A319
291,LH,BLQ,FRA,06:50:00,08:20:00,01:30:00,Airbus,A320
291,UA,IAD,SMF,17:35:00,20:22:00,05:47:00,Airbus,A320
292,UA,SFO,MCO,13:00:00,21:08:00,05:08:00,Boeing,737-800
293,UA,DEN,MCO,07:51:00,13:14:00,03:23:00,Boeing,737-900
294,UA,SEA,SFO,07:13:00,09:31:00,02:18:00,Boeing,737-900
295,AC,YWG,YVR,06:55:00,08:13:00,03:18:00,Airbus,A320
295,SQ,SIN,CHC,22:00:00,12:50:00,09:50:00,Boeing,777-200
295,UA,ONT,SFO,06:05:00,07:40:00,01:35:00,Airbus,A319
296,AC,YVR,YWG,19:10:00,23:46:00,02:36:00,Airbus,A320
296,LH,FRA,TRN,08:25:00,09:40:00,01:15:00,Canadair,(Bombardier)
296,LX,DAR,ZRH,23:20:00,06:15:00,08:55:00,Airbus,A330-300
296,UA,BDL,IAD,05:55:00,07:15:00,01:20:00,Airbus,A319
297,AC,YWG,YVR,10:15:00,11:33:00,03:18:00,Airbus,A319
297,LH,TRN,FRA,10:15:00,11:40:00,01:25:00,Canadair,(Bombardier)
297,SQ,SIN,CHC,19:50:00,10:40:00,09:50:00,Boeing,777-200
297,UA,IAH,MSY,18:39:00,19:47:00,01:08:00,Airbus,A319
298,SQ,CHC,SIN,12:00:00,17:40:00,10:40:00,Boeing,777-200
298,UA,YVR,ORD,14:00:00,20:04:00,04:04:00,Boeing,737-700
299,UA,EWR,CHS,20:30:00,22:34:00,02:04:00,Boeing,737-800
300,CZ,JFK,CAN,10:40:00,15:35:00,15:55:00,Boeing,777-300ER
300,LH,FRA,TRN,12:25:00,13:40:00,01:15:00,Embraer,195
300,UA,SFO,HNL,13:00:00,16:24:00,05:24:00,Boeing,777-200
301,AC,YUL,YVR,07:20:00,09:52:00,05:32:00,Airbus,A330-300
301,CZ,CAN,SYD,08:15:00,20:40:00,09:25:00,Airbus,A330-300
301,LH,TRN,FRA,14:15:00,15:35:00,01:20:00,Embraer,195
301,UA,DEN,LAS,11:55:00,12:50:00,01:55:00,Boeing,737-900
302,AC,YVR,YUL,11:30:00,19:04:00,04:34:00,Airbus,A330-300
302,CZ,SYD,CAN,22:15:00,05:00:00,09:45:00,Airbus,A330-300
302,LH,FRA,TRN,17:00:00,18:15:00,01:15:00,Embraer,195
302,UA,ORD,CLE,09:25:00,11:37:00,01:12:00,Boeing,737-700
303,CZ,CAN,LHR,09:30:00,14:30:00,13:00:00,Boeing,787-8
303,LH,TRN,FRA,18:50:00,20:10:00,01:20:00,Embraer,195
303,UA,DEN,LGA,10:10:00,15:50:00,03:40:00,Airbus,A320
304,CZ,LHR,CAN,22:30:00,18:20:00,11:50:00,Boeing,787-8
304,LH,FRA,TRN,21:20:00,22:35:00,01:15:00,Embraer,195
304,UA,MEM,ORD,06:15:00,08:10:00,01:55:00,Boeing,737-700
305,AC,YUL,YVR,13:10:00,15:52:00,05:42:00,Airbus,A320
305,CZ,CAN,AKL,00:30:00,16:30:00,11:00:00,Boeing,787-9
305,LH,TRN,FRA,06:05:00,07:30:00,01:25:00,Embraer,195
305,SQ,LHR,SIN,09:10:00,06:05:00,12:55:00,Boeing,777-300ER
305,UA,AUS,IAD,16:49:00,20:45:00,02:56:00,Boeing,737-800
306,AC,YVR,YUL,16:45:00,00:27:00,04:42:00,Airbus,A320
306,CZ,AKL,CAN,23:00:00,05:35:00,11:35:00,Boeing,787-9
306,SQ,SIN,LHR,01:10:00,07:20:00,14:10:00,Boeing,777-300ER
306,UA,DEN,IAH,11:52:00,15:10:00,02:18:00,Boeing,737-900
307,AC,YUL,YVR,15:45:00,18:36:00,05:51:00,Boeing,737MAX
307,CZ,CAN,AMS,00:05:00,05:55:00,12:50:00,Airbus,A330-300
308,AC,YVR,YUL,23:15:00,07:10:00,04:55:00,Boeing,737MAX
308,CZ,AMS,CAN,12:30:00,06:45:00,11:15:00,Airbus,A330-300
308,SQ,SIN,LHR,09:10:00,15:20:00,14:10:00,Airbus,A380-800
308,UA,SFO,IAD,23:00:00,06:54:00,04:54:00,Boeing,737-800
309,AC,YUL,YVR,18:30:00,21:00:00,05:30:00,Boeing,787-8
309,CZ,HKG,PEK,13:20:00,16:40:00,03:20:00,Airbus,A321
309,UA,SFO,IAD,10:50:00,18:56:00,05:06:00,Boeing,737-800
310,CZ,PEK,HKG,08:30:00,12:10:00,03:40:00,Airbus,A321
310,UA,ORD,LAX,11:35:00,14:08:00,04:33:00,Boeing,737-900
311,AC,YUL,YVR,20:50:00,23:41:00,05:51:00,Boeing,737MAX
311,CZ,CAN,YYZ,14:25:00,16:30:00,15:05:00,Boeing,777-300ER
311,UA,DTW,DEN,09:00:00,10:13:00,03:13:00,Boeing,737-800
312,CZ,YYZ,CAN,00:30:00,05:10:00,15:40:00,Boeing,777-300ER
312,LH,FRA,FLR,12:15:00,13:40:00,01:25:00,Embraer,195
312,UA,SFO,DFW,18:20:00,23:50:00,03:30:00,Airbus,A319
313,CZ,PVG,ICN,08:05:00,11:05:00,02:00:00,Airbus,A321
313,LH,FLR,FRA,14:15:00,15:55:00,01:40:00,Embraer,195
313,UA,DEN,IAH,14:07:00,17:22:00,02:15:00,Boeing,737-900
314,AC,YVR,YUL,09:20:00,16:51:00,04:31:00,Boeing,787-8
314,CZ,ICN,PVG,12:00:00,13:20:00,02:20:00,Airbus,A321
314,UA,DEN,EWR,17:50:00,23:21:00,03:31:00,Boeing,737-900
315,CZ,PEK,ICN,19:15:00,22:20:00,02:05:00,Airbus,A321
315,UA,FLL,IAD,13:35:00,15:57:00,02:22:00,Boeing,737-800
316,AC,YYC,YUL,08:00:00,13:57:00,03:57:00,Airbus,A318
316,CZ,ICN,PEK,23:20:00,00:25:00,02:05:00,Airbus,A321
316,LH,FRA,FLR,16:35:00,18:00:00,01:25:00,Embraer,195
316,LX,ZRH,LHR,07:10:00,08:05:00,01:55:00,Airbus,A321
316,UA,PHX,IAD,09:45:00,15:41:00,03:56:00,Airbus,A320
317,CZ,PEK,GMP,08:20:00,11:30:00,02:10:00,Airbus,A321
317,LH,FLR,FRA,18:40:00,20:20:00,01:40:00,Embraer,195
317,LX,LHR,ZRH,08:50:00,11:40:00,01:50:00,Airbus,A321
317,SQ,LHR,SIN,10:55:00,07:50:00,12:55:00,Airbus,A380-800
317,UA,SFO,IND,11:48:00,19:08:00,04:20:00,Airbus,A319
318,AC,YYC,YUL,12:15:00,18:12:00,03:57:00,Airbus,A318
318,CZ,GMP,PEK,12:30:00,13:45:00,02:15:00,Airbus,A321
318,LH,FRA,FLR,21:20:00,22:45:00,01:25:00,Embraer,195
318,LX,ZRH,LHR,10:20:00,11:10:00,01:50:00,Airbus,A320
318,SQ,SIN,LHR,12:50:00,19:00:00,14:10:00,Boeing,777-300ER
319,AC,YUL,YYC,08:35:00,11:21:00,04:46:00,Airbus,A318
319,LX,LHR,ZRH,11:50:00,14:40:00,01:50:00,Airbus,A320
319,SQ,LHR,SIN,20:35:00,17:30:00,12:55:00,Boeing,777-300ER
319,UA,IAD,MCO,08:45:00,11:01:00,02:16:00,Boeing,737-900
320,CZ,PER,CAN,00:25:00,08:25:00,08:00:00,Airbus,A330-300
320,UA,GRR,ORD,18:18:00,18:21:00,01:03:00,Airbus,A320
321,AC,YUL,YYC,14:00:00,16:57:00,04:57:00,Boeing,737MAX
321,CZ,CAN,MEL,21:10:00,09:45:00,09:35:00,Airbus,A330-300
321,SQ,LHR,SIN,22:05:00,19:00:00,12:55:00,Airbus,A380-800
321,UA,IAH,IAD,16:45:00,20:37:00,02:52:00,Airbus,A319
322,AC,YYC,YUL,17:50:00,00:02:00,04:12:00,Boeing,737MAX
322,CZ,MEL,CAN,23:30:00,06:00:00,09:30:00,Airbus,A330-300
322,SQ,SIN,LHR,23:45:00,05:55:00,14:10:00,Airbus,A380-800
322,UA,DEN,MKE,12:31:00,15:48:00,02:17:00,Airbus,A320
323,AC,YUL,YYC,19:10:00,21:56:00,04:46:00,Airbus,A319
323,CZ,CAN,PNH,21:25:00,23:30:00,03:05:00,Airbus,A321
323,SQ,AMS,SIN,10:25:00,05:55:00,12:30:00,Airbus,A350-900
323,UA,PHL,DEN,08:05:00,10:20:00,04:15:00,Airbus,A320
324,CZ,CAN,PEK,13:00:00,16:10:00,03:10:00,Airbus,A321
324,LH,FRA,VCE,08:55:00,10:10:00,01:15:00,Airbus,A320
324,LX,ZRH,LHR,15:25:00,16:15:00,01:50:00,Airbus,A320
324,SQ,SIN,AMS,23:55:00,06:45:00,13:50:00,Airbus,A350-900
324,UA,LAX,IAD,08:37:00,16:20:00,04:43:00,Boeing,737-900
325,CZ,CAN,SYD,21:00:00,09:25:00,09:25:00,Airbus,A380-800
325,LH,VCE,FRA,10:50:00,12:20:00,01:30:00,Airbus,A320
325,LX,LHR,ZRH,17:00:00,19:50:00,01:50:00,Airbus,A320
325,SQ,FRA,SIN,21:55:00,17:15:00,12:20:00,Boeing,777-300ER
325,UA,TPA,IAD,13:40:00,15:44:00,02:04:00,Boeing,737-800
326,CZ,SYD,CAN,11:25:00,17:45:00,09:20:00,Airbus,A380-800
326,LH,FRA,VCE,11:55:00,13:10:00,01:15:00,Airbus,A320
326,LX,ZRH,LHR,17:00:00,17:50:00,01:50:00,Airbus,A320
326,SQ,SIN,FRA,13:55:00,20:30:00,13:35:00,Boeing,777-300ER
326,UA,IAD,SEA,17:35:00,20:25:00,05:50:00,Boeing,737-900
327,CZ,CAN,LAX,21:30:00,18:10:00,12:40:00,Airbus,A380-800
327,LH,VCE,FRA,13:50:00,15:15:00,01:25:00,Airbus,A320
327,LX,LHR,ZRH,18:40:00,21:25:00,01:45:00,Airbus,A320
327,SQ,MUC,SIN,12:20:00,07:00:00,11:40:00,Airbus,A350-900
327,UA,IAD,ORD,12:55:00,13:53:00,01:58:00,Boeing,757-200
328,CZ,LAX,CAN,22:20:00,05:40:00,15:20:00,Airbus,A380-800
328,LH,FRA,VCE,12:55:00,14:10:00,01:15:00,Airbus,A320
328,SQ,SIN,MUC,00:25:00,06:30:00,13:05:00,Airbus,A350-900
328,UA,DEN,HNL,11:30:00,15:54:00,07:24:00,Boeing,777-200
329,AC,YUL,YEG,08:15:00,10:59:00,04:44:00,Airbus,A318
329,CZ,CAN,YVR,14:00:00,09:20:00,11:20:00,Boeing,787-8
329,LH,VCE,FRA,14:50:00,16:15:00,01:25:00,Airbus,A320
329,UA,SEA,DEN,17:30:00,21:09:00,02:39:00,Airbus,A320
330,CZ,YVR,CAN,11:40:00,17:10:00,13:30:00,Boeing,787-8
330,LH,FRA,VCE,17:00:00,18:15:00,01:15:00,Airbus,A321
330,UA,MIA,ORD,12:34:00,14:46:00,03:12:00,Boeing,737-800
331,CZ,CAN,CSX,21:15:00,22:40:00,01:25:00,Airbus,A330-200
331,LH,VCE,FRA,19:05:00,20:30:00,01:25:00,Airbus,A321
331,UA,DEN,EWR,15:30:00,21:08:00,03:38:00,Boeing,737-900
332,AC,YEG,YUL,12:05:00,17:56:00,03:51:00,Airbus,A318
332,LH,FRA,VCE,21:30:00,22:45:00,01:15:00,Airbus,A320
332,LX,ZRH,LHR,12:05:00,13:00:00,01:55:00,Airbus,A319
332,UA,IAH,GDL,12:10:00,14:36:00,02:26:00,Boeing,737-800
333,CZ,CAN,CNS,22:05:00,07:45:00,07:40:00,Airbus,A330-300
333,LH,VCE,FRA,07:20:00,08:50:00,01:30:00,Airbus,A319
333,LX,LHR,ZRH,13:45:00,16:35:00,01:50:00,Airbus,A319
333,SQ,CDG,SIN,20:00:00,15:40:00,12:40:00,Boeing,777-300ER
333,UA,FLL,IAH,09:00:00,10:47:00,02:47:00,Boeing,737-800
334,LH,FRA,NAP,11:15:00,13:10:00,01:55:00,Airbus,A320
334,SQ,SIN,CDG,02:30:00,09:30:00,14:00:00,Boeing,777-300ER
334,UA,DFW,EWR,06:50:00,11:04:00,03:14:00,Boeing,737-900
335,AC,YHZ,YUL,16:20:00,17:01:00,01:41:00,Airbus,A318
335,LH,NAP,FRA,13:55:00,15:55:00,02:00:00,Airbus,A320
335,SQ,CDG,SIN,10:50:00,06:15:00,12:25:00,Boeing,777-300ER
335,UA,GDL,IAH,15:32:00,17:45:00,02:13:00,Boeing,737-800
336,SQ,SIN,CDG,00:15:00,07:15:00,14:00:00,Boeing,777-300ER
336,UA,DEN,ORD,10:35:00,13:56:00,02:21:00,Boeing,757-300
337,CZ,CAN,ICN,09:30:00,13:50:00,03:20:00,Airbus,A319
337,UA,BNA,EWR,17:35:00,20:52:00,02:17:00,Airbus,A319
338,AC,YVR,YOW,08:55:00,16:26:00,04:31:00,Airbus,A321
338,CZ,ICN,CAN,14:50:00,17:40:00,03:50:00,Airbus,A319
338,LX,ZRH,LHR,18:20:00,19:10:00,01:50:00,Bombardier,CS300
338,SQ,SIN,DUS,23:55:00,06:25:00,13:30:00,Airbus,A350-900
338,UA,ORD,BDL,09:24:00,12:29:00,02:05:00,Airbus,A320
339,CZ,CAN,ICN,16:20:00,20:35:00,03:15:00,Airbus,A321
339,LX,LHR,ZRH,20:00:00,22:35:00,01:35:00,Bombardier,CS300
340,CZ,CAN,HAK,15:05:00,16:25:00,01:20:00,Airbus,A321
340,LX,ZRH,LHR,20:55:00,21:40:00,01:45:00,Airbus,A320
340,UA,IAD,SFO,17:30:00,20:20:00,05:50:00,Boeing,777-200
341,AC,YOW,YVR,07:00:00,09:33:00,05:33:00,Airbus,A321
341,UA,EWR,IAH,20:35:00,23:24:00,03:49:00,Boeing,737-800
342,AC,YVR,YOW,17:15:00,00:46:00,04:31:00,Airbus,A321
343,AC,YOW,YVR,17:35:00,20:08:00,05:33:00,Airbus,A321
343,CZ,CAN,MEL,09:05:00,21:30:00,09:25:00,Airbus,A330-300
343,UA,EWR,RDU,16:00:00,17:44:00,01:44:00,Boeing,737-700
344,CZ,MEL,CAN,11:45:00,18:25:00,09:40:00,Airbus,A330-300
345,CZ,PEK,AMS,00:30:00,04:40:00,11:10:00,Airbus,A330-300
345,LX,LHR,ZRH,06:00:00,08:40:00,01:40:00,Airbus,A321
345,SQ,ZRH,SIN,10:35:00,06:00:00,12:25:00,Airbus,A380-800
346,CZ,AMS,PEK,14:10:00,06:55:00,09:45:00,Airbus,A330-300
346,SQ,SIN,ZRH,01:30:00,07:50:00,13:20:00,Airbus,A380-800
346,UA,SJC,ORD,14:10:00,20:19:00,04:09:00,Boeing,737-900
347,CZ,CAN,CDG,00:20:00,06:40:00,13:20:00,Airbus,A330-200
347,UA,IAH,LAX,18:23:00,20:00:00,03:37:00,Boeing,737-900
348,CZ,CDG,CAN,11:45:00,06:20:00,11:35:00,Airbus,A330-200
348,LX,GVA,LHR,15:55:00,16:40:00,01:45:00,Bombardier,CS300
348,UA,EWR,RDU,14:00:00,15:39:00,01:39:00,Airbus,A319
349,CZ,CAN,KUL,08:25:00,12:35:00,04:10:00,Boeing,737-800
349,LX,LHR,GVA,17:20:00,20:00:00,01:40:00,Bombardier,CS300
349,UA,SFO,EWR,21:00:00,05:12:00,05:12:00,Boeing,757-200
350,CZ,KUL,CAN,13:35:00,17:40:00,04:05:00,Boeing,737-800
350,LH,FRA,BRE,06:50:00,07:45:00,00:00:55,Embraer,190
350,UA,ORD,SAT,20:02:00,23:05:00,03:03:00,Airbus,A320
351,AC,YOW,YYC,07:25:00,09:59:00,04:34:00,Airbus,A319
351,CZ,CAN,SIN,18:25:00,22:35:00,04:10:00,Airbus,A318
351,LH,BRE,FRA,06:40:00,07:40:00,01:00:00,Airbus,A320
351,UA,BOS,SFO,15:40:00,19:19:00,06:39:00,Boeing,757-200
352,AC,YYC,YOW,19:20:00,01:02:00,03:42:00,Airbus,A319
352,CZ,SIN,CAN,08:00:00,12:10:00,04:10:00,Airbus,A318
352,LH,FRA,BRE,09:05:00,10:00:00,00:00:55,Airbus,A319
352,LX,GVA,LHR,07:15:00,08:15:00,02:00:00,Bombardier,CS300
352,SQ,SIN,CPH,23:55:00,06:00:00,13:05:00,Boeing,777-300ER
352,UA,IAD,BOS,22:15:00,23:46:00,01:31:00,Boeing,737-900
353,AC,YOW,YYC,16:00:00,18:34:00,04:34:00,Airbus,A318
353,CZ,CAN,SIN,08:35:00,12:30:00,03:55:00,Boeing,737MAX
353,LH,BRE,FRA,08:20:00,09:20:00,01:00:00,Embraer,190
353,LX,LHR,GVA,08:55:00,11:35:00,01:40:00,Bombardier,CS300
353,UA,MIA,EWR,13:55:00,16:58:00,03:03:00,Boeing,737-800
354,CZ,SIN,CAN,13:30:00,17:40:00,04:10:00,Boeing,737MAX
354,LH,FRA,BRE,13:05:00,14:00:00,00:00:55,Airbus,A319
354,LX,GVA,LHR,12:50:00,13:40:00,01:50:00,Bombardier,CS300
354,UA,DEN,CLE,15:55:00,20:38:00,02:43:00,Boeing,737-800
355,LH,BRE,FRA,10:35:00,11:35:00,01:00:00,Airbus,A319
355,LX,LHR,GVA,14:25:00,17:05:00,01:40:00,Bombardier,CS300
355,SQ,MXP,SIN,12:40:00,07:35:00,11:55:00,Airbus,A350-900
355,UA,EWR,IAH,12:30:00,15:22:00,03:52:00,Boeing,737-800
356,CZ,WUH,CAN,12:10:00,14:05:00,01:55:00,Airbus,A330-200
356,LH,FRA,BRE,17:20:00,18:15:00,00:00:55,Airbus,A319
356,LX,GVA,LHR,17:55:00,18:40:00,01:45:00,Bombardier,CS300
356,UA,EWR,SAV,08:30:00,10:48:00,02:18:00,Boeing,737-700
357,CZ,CAN,BKK,08:45:00,10:45:00,03:00:00,Boeing,737MAX
357,LH,BRE,FRA,14:35:00,15:35:00,01:00:00,Airbus,A319
357,LX,LHR,GVA,19:30:00,22:05:00,01:35:00,Bombardier,CS300
357,UA,IAD,SEA,12:45:00,15:37:00,05:52:00,Airbus,A320
358,AC,YEG,YOW,08:10:00,13:54:00,03:44:00,Airbus,A318
358,CZ,BKK,CAN,12:00:00,15:50:00,02:50:00,Boeing,737MAX
358,LX,GVA,LHR,20:50:00,21:25:00,01:35:00,Bombardier,CS300
358,UA,SFO,LAS,10:49:00,12:18:00,01:29:00,Boeing,737-800
359,CZ,CAN,DEL,19:05:00,22:50:00,06:15:00,Airbus,A330-300
359,LH,BRE,FRA,18:55:00,19:55:00,01:00:00,Airbus,A319
359,LX,LHR,GVA,07:00:00,09:35:00,01:35:00,Bombardier,CS300
359,UA,ORD,MEX,08:35:00,12:55:00,04:20:00,Boeing,737-800
360,CZ,CAN,SYX,09:35:00,11:10:00,01:35:00,Airbus,A321
360,UA,IAD,TPA,17:50:00,20:14:00,02:24:00,Boeing,737-800
361,CZ,CAN,BKK,20:00:00,21:50:00,02:50:00,Boeing,737-800
361,SQ,DME,SIN,15:10:00,06:40:00,10:30:00,Airbus,A350-900
361,UA,SFO,SAN,19:20:00,20:50:00,01:30:00,Airbus,A320
362,CZ,BKK,CAN,08:40:00,12:25:00,02:45:00,Boeing,737-800
362,LH,FRA,PAD,09:55:00,10:40:00,00:00:45,Canadair,(Bombardier)
362,SQ,DME,ARN,07:25:00,08:15:00,02:50:00,Airbus,A350-900
362,UA,HNL,EWR,16:20:00,06:47:00,09:27:00,Boeing,767-400
363,AC,YOW,YEG,18:55:00,21:22:00,04:27:00,Airbus,A319
363,CZ,CAN,BKK,16:00:00,17:55:00,02:55:00,Boeing,737MAX
363,LH,PAD,FRA,11:15:00,12:05:00,00:00:50,Canadair,(Bombardier)
363,UA,EWR,HNL,08:30:00,14:42:00,11:12:00,Boeing,767-400
364,CZ,BKK,CAN,18:55:00,22:30:00,02:35:00,Boeing,737MAX
364,LH,FRA,PAD,16:40:00,17:25:00,00:00:45,Canadair,(Bombardier)
364,UA,SLC,IAH,06:30:00,10:40:00,03:10:00,Airbus,A320
365,CZ,CAN,KUL,16:25:00,20:50:00,04:25:00,Airbus,A319
365,LH,PAD,FRA,18:20:00,19:10:00,00:00:50,Canadair,(Bombardier)
365,UA,EWR,ROC,21:59:00,23:18:00,01:19:00,Airbus,A319
366,CZ,KUL,CAN,08:50:00,12:50:00,04:00:00,Airbus,A319
366,UA,LAX,ORD,10:20:00,16:17:00,03:57:00,Boeing,757-300
367,CZ,CAN,SGN,20:15:00,22:10:00,02:55:00,Airbus,A318
368,CZ,SGN,CAN,08:00:00,12:00:00,03:00:00,Airbus,A318
368,UA,SFO,PHX,06:05:00,09:01:00,01:56:00,Boeing,737-800
369,CZ,PVG,ICN,14:50:00,17:55:00,02:05:00,Airbus,A321
369,UA,DCA,ORD,11:45:00,12:53:00,02:08:00,Airbus,A319
370,CZ,ICN,PVG,18:55:00,19:50:00,01:55:00,Airbus,A321
370,LH,FRA,FDH,09:15:00,10:00:00,00:00:45,Canadair,(Bombardier)
370,UA,MCO,ORD,16:12:00,18:05:00,02:53:00,Airbus,A320
371,AC,YUL,YWG,07:20:00,09:25:00,03:05:00,Airbus,A319
371,CZ,CAN,HAN,22:10:00,23:15:00,02:05:00,Airbus,A319
371,LH,FDH,FRA,06:50:00,07:45:00,00:00:55,Canadair,(Bombardier)
371,UA,MCI,IAH,06:30:00,08:33:00,02:03:00,Airbus,A319
372,AC,YWG,YUL,07:30:00,11:14:00,02:44:00,Airbus,A318
372,CZ,HAN,CAN,08:35:00,11:10:00,01:35:00,Airbus,A319
372,LH,FRA,FDH,13:10:00,13:55:00,00:00:45,Canadair,(Bombardier)
372,UA,HNL,SFO,07:50:00,14:53:00,05:03:00,Boeing,737-900
373,AC,YUL,YWG,17:10:00,19:15:00,03:05:00,Airbus,A318
373,CZ,CAN,SGN,12:25:00,14:25:00,03:00:00,Boeing,737-800
373,LH,FDH,FRA,10:35:00,11:30:00,00:00:55,Canadair,(Bombardier)
373,UA,ORD,PHX,13:29:00,16:19:00,03:50:00,Airbus,A320
374,CZ,SGN,CAN,15:40:00,19:40:00,03:00:00,Boeing,737-800
374,LH,FRA,FDH,17:00:00,17:45:00,00:00:45,Canadair,(Bombardier)
